window_id,packet_count,total_bytes,duration,size_mean,size_std,size_min,size_max,size_median,size_q25,size_q75,iat_mean,iat_std,iat_min,iat_max,iat_median,ratio_dot11,ratio_ip,ratio_tcp,ratio_udp,ratio_ether,dot11_mgmt_ratio,dot11_ctrl_ratio,dot11_data_ratio,dot11_retry_ratio,ip_len_mean,ip_ttl_mean,ip_proto_variety,tcp_port_variety,tcp_flags_variety,tcp_window_mean,rssi_mean,rssi_std,rssi_min,rssi_max,window_start,window_end,label,filename
0,4,446,1.2289049625396729,111.5,74.58999039191966,42.0,176.0,114.0,49.5,176.0,0.4096349875132243,0.3546876542773919,7.700920104980469e-05,0.6145839691162109,0.6142439842224121,0.0,0.5,0.0,0.5,0.75,0.0,0.0,0.0,0.0,162.0,64.0,1.0,0.0,0.0,0.0,0.0,0.0,0.0,0.0,1760652155.291311,1760652157.291311,0,normal_20251016_170234.pcap
1,12,1037,1.757673978805542,86.41666666666667,43.60454174287422,52.0,176.0,66.0,66.0,75.75,0.22331508000691733,0.343313731564236,1.9073486328125e-06,0.9221069812774658,0.04496002197265625,0.0,0.9166666666666666,0.75,0.16666666666666666,0.9166666666666666,0.0,0.0,0.0,0.0,75.54545454545455,71.36363636363636,2.0,4.0,3.0,271.8888888888889,0.0,0.0,0.0,0.0,1760652157.291311,1760652159.291311,0,normal_20251016_170234.pcap
2,51,24202,1.6875979900360107,474.54901960784315,520.5687779237433,42.0,1292.0,124.0,77.0,1060.0,0.044250234644463725,0.16294996271865972,9.5367431640625e-07,0.9216179847717285,0.0001289844512939453,0.0,0.9411764705882353,0.0,0.9411764705882353,0.9803921568627451,0.0,0.0,0.0,0.0,487.375,60.791666666666664,1.0,0.0,0.0,0.0,0.0,0.0,0.0,0.0,1760652159.291311,1760652161.291311,0,normal_20251016_170234.pcap
3,293,183632,1.9845850467681885,626.7303754266212,574.2377070316029,42.0,1292.0,319.0,74.0,1292.0,0.0074448523698029696,0.03917487029274674,9.5367431640625e-07,0.306516170501709,4.887580871582031e-05,0.0,0.931740614334471,0.034129692832764506,0.8976109215017065,0.9965870307167235,0.0,0.0,0.0,0.0,655.4652014652015,59.73626373626374,2.0,3.0,2.0,373.0,0.0,0.0,0.0,0.0,1760652161.291311,1760652163.291311,0,normal_20251016_170234.pcap
4,1737,1624527,1.9978761672973633,935.2487046632124,529.118808450415,50.0,1466.0,1292.0,252.0,1292.0,0.001182137617188942,0.003957924942469149,9.5367431640625e-07,0.06740498542785645,2.5987625122070312e-05,0.0,0.9959700633275763,0.0028785261945883708,0.9919401266551525,0.9994242947610823,0.0,0.0,0.0,0.0,924.3595375722543,58.65953757225434,3.0,2.0,4.0,25992.8,0.0,0.0,0.0,0.0,1760652163.291311,1760652165.291311,0,normal_20251016_170234.pcap
5,644,491154,1.9811768531799316,762.6614906832298,580.7373151827535,52.0,2866.0,1238.5,81.0,1292.0,0.00316084415193588,0.010906884045442362,9.5367431640625e-07,0.15622901916503906,3.3855438232421875e-05,0.0,0.9984472049689441,0.04813664596273292,0.9503105590062112,0.9984472049689441,0.0,0.0,0.0,0.0,749.7667185069985,60.27527216174183,2.0,4.0,4.0,4667.387096774193,0.0,0.0,0.0,0.0,1760652165.291311,1760652167.291311,0,normal_20251016_170234.pcap
6,396,272568,1.9268298149108887,688.3030303030303,557.3967694318578,42.0,1292.0,562.0,77.0,1292.0,0.00519048169021207,0.010661817375129909,9.5367431640625e-07,0.0850529670715332,8.559226989746094e-05,0.0,0.9949494949494949,0.005050505050505051,0.98989898989899,0.9974747474747475,0.0,0.0,0.0,0.0,677.5583756345178,58.911167512690355,2.0,2.0,1.0,561.0,0.0,0.0,0.0,0.0,1760652167.291311,1760652169.291311,0,normal_20251016_170234.pcap
7,3289,3452728,1.9500949382781982,1049.780480389176,475.8759376149209,52.0,1292.0,1292.0,1292.0,1292.0,0.0006083870461783774,0.0034246143237702835,9.5367431640625e-07,0.09970712661743164,2.5033950805664062e-05,0.0,0.9996959562176954,0.0012161751292186075,0.9984797810884768,0.9996959562176954,0.0,0.0,0.0,0.0,1036.0839416058395,99.22110705596107,2.0,2.0,3.0,563.0,0.0,0.0,0.0,0.0,1760652169.291311,1760652171.291311,0,normal_20251016_170234.pcap
8,825,852779,1.903191089630127,1033.6715151515152,489.093033197255,52.0,1466.0,1292.0,1288.0,1292.0,0.0024067214661580654,0.01923118302474193,9.5367431640625e-07,0.4039878845214844,2.4080276489257812e-05,0.0,0.9987878787878788,0.019393939393939394,0.9793939393939394,0.9987878787878788,0.0,0.0,0.0,0.0,1020.8628640776699,94.27184466019418,2.0,3.0,2.0,629.375,0.0,0.0,0.0,0.0,1760652171.291311,1760652173.291311,0,normal_20251016_170234.pcap
9,425,337175,1.420598030090332,793.3529411764706,570.6234488888047,42.0,1466.0,1288.0,79.0,1292.0,0.004311281328017895,0.02511107235224576,9.5367431640625e-07,0.3728950023651123,3.409385681152344e-05,0.0,0.9929411764705882,0.023529411764705882,0.9670588235294117,0.9976470588235294,0.0,0.0,0.0,0.0,784.627962085308,61.12559241706161,3.0,3.0,2.0,685.5,0.0,0.0,0.0,0.0,1760652173.291311,1760652175.291311,0,normal_20251016_170234.pcap
10,2629,2841414,1.6519131660461426,1080.7965005705591,454.304524813785,52.0,1292.0,1292.0,1292.0,1292.0,0.0008567603386216806,0.013081982276084524,9.5367431640625e-07,0.5679528713226318,2.4080276489257812e-05,0.0,0.99885888170407,0.0,0.99885888170407,0.99961962723469,0.0,0.0,0.0,0.0,1067.7475247524753,107.0921553693831,1.0,0.0,0.0,0.0,0.0,0.0,0.0,0.0,1760652175.291311,1760652177.291311,0,normal_20251016_170234.pcap
11,404,212355,1.9724071025848389,525.6311881188119,561.2011313193498,52.0,2922.0,143.0,75.0,1292.0,0.0052022015117578,0.017503148404200346,9.5367431640625e-07,0.19674396514892578,0.00010204315185546875,0.0,0.9975247524752475,0.07178217821782178,0.9257425742574258,0.9975247524752475,0.0,0.0,0.0,0.0,512.8064516129032,65.23821339950372,2.0,4.0,2.0,331.44827586206895,0.0,0.0,0.0,0.0,1760652177.291311,1760652179.291311,0,normal_20251016_170234.pcap
12,1126,1117523,1.9629759788513184,992.4715808170515,514.0580344155602,42.0,1292.0,1292.0,775.5,1292.0,0.0017882391864211982,0.013396034203890256,9.5367431640625e-07,0.2854900360107422,2.6106834411621094e-05,0.0,0.9964476021314387,0.0,0.9955595026642984,0.9991119005328597,0.0,0.0,0.0,0.0,981.7388591800357,83.0,2.0,0.0,0.0,0.0,0.0,0.0,0.0,0.0,1760652179.291311,1760652181.291311,0,normal_20251016_170234.pcap
13,1456,1516731,1.3947250843048096,1041.7108516483515,486.008798351024,50.0,2866.0,1274.0,1274.0,1292.0,0.0013766219170247623,0.01748790682198079,9.5367431640625e-07,0.5862338542938232,2.4080276489257812e-05,0.0,0.9979395604395604,0.054945054945054944,0.9423076923076923,0.9993131868131868,0.0,0.0,0.0,0.0,1029.6813489332417,88.46455609084653,3.0,3.0,4.0,2151.35,0.0,0.0,0.0,0.0,1760652181.291311,1760652183.291311,0,normal_20251016_170234.pcap
14,55,17171,1.6779258251190186,312.2,427.35722762110856,52.0,1446.0,101.0,66.0,219.0,0.03413297953429045,0.08287326411016636,9.5367431640625e-07,0.46521997451782227,0.0002855062484741211,0.0,0.9818181818181818,0.6909090909090909,0.2909090909090909,0.9818181818181818,0.0,0.0,0.0,0.0,303.01851851851853,60.074074074074076,2.0,3.0,4.0,3629.7105263157896,0.0,0.0,0.0,0.0,1760652183.291311,1760652185.291311,0,normal_20251016_170234.pcap
15,283,284551,1.9288818836212158,1005.4805653710247,502.83007804517194,52.0,1292.0,1292.0,1056.5,1292.0,0.007735334711966755,0.04646807878701472,9.5367431640625e-07,0.5575180053710938,2.6941299438476562e-05,0.0,0.9893992932862191,0.0,0.9893992932862191,0.9964664310954063,0.0,0.0,0.0,0.0,999.5928571428572,104.57857142857142,1.0,0.0,0.0,0.0,0.0,0.0,0.0,0.0,1760652185.291311,1760652187.291311,0,normal_20251016_170234.pcap
16,2859,3068632,1.4733271598815918,1073.3235396991956,446.0969165622282,52.0,1292.0,1274.0,1274.0,1292.0,0.0007003277203457503,0.010128384146770725,9.5367431640625e-07,0.5100009441375732,2.4080276489257812e-05,0.0,0.9993004547044421,0.0,0.9993004547044421,0.9996502273522211,0.0,0.0,0.0,0.0,1060.0357017850893,72.69583479173959,1.0,0.0,0.0,0.0,0.0,0.0,0.0,0.0,1760652187.291311,1760652189.291311,0,normal_20251016_170234.pcap
17,749,663757,1.9200949668884277,886.1909212283044,541.2396640381806,42.0,1292.0,1274.0,90.0,1274.0,0.002723994616893572,0.022567997934921525,9.5367431640625e-07,0.5100150108337402,2.6941299438476562e-05,0.0,0.9973297730307076,0.0,0.9973297730307076,0.9986648865153538,0.0,0.0,0.0,0.0,874.437751004016,56.80053547523427,1.0,0.0,0.0,0.0,0.0,0.0,0.0,0.0,1760652189.291311,1760652191.291311,0,normal_20251016_170234.pcap
18,949,974887,1.9725711345672607,1027.2781875658588,468.9301817510269,42.0,1292.0,1274.0,1274.0,1274.0,0.0022292819819584846,0.020580500345217405,9.5367431640625e-07,0.478010892868042,2.47955322265625e-05,0.0,0.9978925184404637,0.0,0.9978925184404637,0.9989462592202318,0.0,0.0,0.0,0.0,1015.3484688489968,55.49947201689546,1.0,0.0,0.0,0.0,0.0,0.0,0.0,0.0,1760652191.291311,1760652193.291311,0,normal_20251016_170234.pcap
19,423,438635,1.9276399612426758,1036.9621749408984,484.0799045778615,52.0,1292.0,1292.0,1274.0,1292.0,0.004625873520152381,0.040729951163665463,9.5367431640625e-07,0.6146531105041504,2.4080276489257812e-05,0.0,0.9976359338061466,0.0,0.9976359338061466,0.9976359338061466,0.0,0.0,0.0,0.0,1025.2962085308056,103.61137440758294,1.0,0.0,0.0,0.0,0.0,0.0,0.0,0.0,1760652193.291311,1760652195.291311,0,normal_20251016_170234.pcap
20,13,5741,1.8876597881317139,441.61538461538464,454.66536017557985,52.0,1287.0,176.0,90.0,741.0,0.1580361402951754,0.31149087382755447,2.6941299438476562e-05,0.8775110244750977,0.012565851211547852,0.0,0.9230769230769231,0.0,0.9230769230769231,0.9230769230769231,0.0,0.0,0.0,0.0,460.0833333333333,60.666666666666664,1.0,0.0,0.0,0.0,0.0,0.0,0.0,0.0,1760652195.291311,1760652197.291311,0,normal_20251016_170234.pcap
21,232,219281,1.5358500480651855,945.176724137931,529.002687225928,42.0,1292.0,1292.0,176.0,1292.0,0.007845230973683871,0.03770055166859923,9.5367431640625e-07,0.3651759624481201,2.300739288330078e-05,0.0,0.978448275862069,0.0,0.978448275862069,0.9956896551724138,0.0,0.0,0.0,0.0,948.3436123348017,99.68281938325991,1.0,0.0,0.0,0.0,0.0,0.0,0.0,0.0,1760652197.291311,1760652199.291311,0,normal_20251016_170234.pcap
22,52,24553,1.2292702198028564,472.1730769230769,514.6244288705568,52.0,1292.0,104.0,81.0,1082.0,0.03841342031955719,0.12784694561226664,9.5367431640625e-07,0.6460731029510498,0.002169966697692871,0.0,0.9807692307692307,0.0,0.9807692307692307,0.9807692307692307,0.0,0.0,0.0,0.0,466.4117647058824,59.333333333333336,1.0,0.0,0.0,0.0,0.0,0.0,0.0,0.0,1760652199.291311,1760652201.291311,0,normal_20251016_170234.pcap
23,31,14053,1.9160730838775635,453.3225806451613,519.0437609744015,52.0,1286.0,137.0,86.0,1063.5,0.08724782384675124,0.19811554827493827,9.5367431640625e-07,0.6409890651702881,0.0014841556549072266,0.0,0.9354838709677419,0.0967741935483871,0.8387096774193549,0.967741935483871,0.0,0.0,0.0,0.0,466.7241379310345,58.13793103448276,2.0,2.0,2.0,267.6666666666667,0.0,0.0,0.0,0.0,1760652201.291311,1760652203.291311,0,normal_20251016_170234.pcap
24,131,54676,1.9099719524383545,417.37404580152673,503.8513721002969,42.0,1466.0,105.0,75.0,825.5,0.015881016606190165,0.0539673233326904,9.5367431640625e-07,0.42336487770080566,0.0004094839096069336,0.0,0.9694656488549618,0.16793893129770993,0.7938931297709924,0.9923664122137404,0.0,0.0,0.0,0.0,415.11811023622045,62.14173228346457,3.0,4.0,2.0,555.0909090909091,0.0,0.0,0.0,0.0,1760652203.291311,1760652205.291311,0,normal_20251016_170234.pcap
25,710,774723,1.738732099533081,1091.1591549295774,448.3528591863864,52.0,1292.0,1292.0,1292.0,1292.0,0.0027458048076881712,0.019728908408820658,9.5367431640625e-07,0.34751296043395996,1.4066696166992188e-05,0.0,0.9985915492957746,0.0,0.9985915492957746,0.9985915492957746,0.0,0.0,0.0,0.0,1078.6248236953456,105.25105782792666,1.0,0.0,0.0,0.0,0.0,0.0,0.0,0.0,1760652205.291311,1760652207.291311,0,normal_20251016_170234.pcap
26,4,1037,1.2290289402008057,259.25,255.9314686916532,52.0,633.0,176.0,145.0,290.25,0.4123702049255371,0.38354884546926526,0.0002608299255371094,0.9224510192871094,0.363384485244751,0.0,0.5,0.0,0.5,0.75,0.0,0.0,0.0,0.0,162.0,64.0,1.0,0.0,0.0,0.0,0.0,0.0,0.0,0.0,1760652207.291311,1760652209.291311,0,normal_20251016_170234.pcap
27,592,673117,1.1749529838562012,1137.0219594594594,403.10901464685315,52.0,1292.0,1292.0,1292.0,1292.0,0.0035473654919671127,0.04380138138264145,9.5367431640625e-07,0.9215400218963623,2.384185791015625e-05,0.0,0.9983108108108109,0.0,0.9983108108108109,0.9983108108108109,0.0,0.0,0.0,0.0,1124.8578680203045,113.60236886632826,1.0,0.0,0.0,0.0,0.0,0.0,0.0,0.0,1760652209.291311,1760652211.291311,0,normal_20251016_170234.pcap
28,10,860,0.9217019081115723,86.0,47.64684902721503,52.0,176.0,66.0,66.0,66.0,0.18970210552215577,0.3337407061087791,5.0067901611328125e-06,0.9753191471099854,0.005085587501525879,0.0,0.8,0.6,0.2,0.9,0.0,0.0,0.0,0.0,79.5,76.875,2.0,4.0,1.0,431.6666666666667,0.0,0.0,0.0,0.0,1760652211.291311,1760652213.291311,0,normal_20251016_170234.pcap
29,15,2840,1.537261962890625,189.33333333333334,313.2665835689348,52.0,1287.0,75.0,66.0,149.0,0.17562685694013322,0.248904671471319,9.5367431640625e-07,0.9215140342712402,0.06955313682556152,0.0,0.8666666666666667,0.13333333333333333,0.7333333333333333,0.9333333333333333,0.0,0.0,0.0,0.0,195.84615384615384,65.0,2.0,2.0,1.0,561.0,0.0,0.0,0.0,0.0,1760652213.291311,1760652215.291311,0,normal_20251016_170234.pcap
30,278,303318,1.374964952468872,1091.071942446043,448.69860982515854,42.0,1292.0,1292.0,1292.0,1292.0,0.0057270820461102386,0.041593451024632425,9.5367431640625e-07,0.4248220920562744,2.3126602172851562e-05,0.0,0.9928057553956835,0.0,0.9928057553956835,0.9964028776978417,0.0,0.0,0.0,0.0,1084.6376811594203,111.47463768115942,1.0,0.0,0.0,0.0,0.0,0.0,0.0,0.0,1760652215.291311,1760652217.291311,0,normal_20251016_170234.pcap
31,8,1040,1.228816032409668,130.0,70.7005758715686,52.0,213.0,127.0,66.0,185.25,0.26879262924194336,0.3879548338595662,9.608268737792969e-05,0.9215250015258789,0.06765198707580566,0.0,0.875,0.25,0.625,0.875,0.0,0.0,0.0,0.0,127.14285714285714,90.14285714285714,2.0,2.0,1.0,179.5,0.0,0.0,0.0,0.0,1760652217.291311,1760652219.291311,0,normal_20251016_170234.pcap
32,126,30279,1.383134126663208,240.3095238095238,410.0098625991468,50.0,2179.0,90.0,66.0,146.5,0.016244967778523762,0.05937356852893136,9.5367431640625e-07,0.6149969100952148,0.0005540847778320312,0.0,0.9841269841269841,0.6428571428571429,0.3333333333333333,0.9920634920634921,0.0,0.0,0.0,0.0,224.66129032258064,58.95967741935484,3.0,5.0,6.0,3396.8271604938273,0.0,0.0,0.0,0.0,1760652219.291311,1760652221.291311,0,normal_20251016_170234.pcap
33,4,458,0.9217720031738281,114.5,71.01877685983241,52.0,176.0,115.0,53.5,176.0,0.4989140033721924,0.41909979362288674,0.09963297843933105,1.0738840103149414,0.41106951236724854,0.0,0.75,0.0,0.5,0.75,0.0,0.0,0.0,0.0,121.33333333333333,43.0,2.0,0.0,0.0,0.0,0.0,0.0,0.0,0.0,1760652221.291311,1760652223.291311,0,normal_20251016_170234.pcap
34,16,2732,1.2747879028320312,170.75,302.9432290050398,42.0,1285.0,71.5,64.25,135.5,0.13727468252182007,0.23297454189827244,7.200241088867188e-05,0.9216070175170898,0.03927195072174072,0.0,0.8125,0.125,0.625,0.9375,0.0,0.0,0.0,0.0,184.30769230769232,70.6923076923077,3.0,2.0,1.0,136.5,0.0,0.0,0.0,0.0,1760652223.291311,1760652225.291311,0,normal_20251016_170234.pcap
35,6,548,1.228808879852295,91.33333333333333,65.9292550137393,42.0,176.0,56.0,44.5,147.0,0.35071249802907306,0.34473447930265344,0.00016808509826660156,0.8754661083221436,0.30724239349365234,0.0,0.3333333333333333,0.0,0.3333333333333333,0.8333333333333334,0.0,0.0,0.0,0.0,162.0,64.0,1.0,0.0,0.0,0.0,0.0,0.0,0.0,0.0,1760652225.291311,1760652227.291311,0,normal_20251016_170234.pcap
36,5,402,1.228834867477417,80.4,54.39485269765881,42.0,176.0,66.0,52.0,66.0,0.36866159439086915,0.29210955797953786,0.00092315673828125,0.7105739116668701,0.306398868560791,0.0,0.6,0.4,0.2,0.8,0.0,0.0,0.0,0.0,88.66666666666667,82.66666666666667,2.0,2.0,1.0,549.5,0.0,0.0,0.0,0.0,1760652227.291311,1760652229.291311,0,normal_20251016_170234.pcap
37,14,2554,1.228804111480713,182.42857142857142,241.5216869656331,52.0,840.0,75.0,66.0,161.5,0.15359558377947127,0.276089520694574,1.9073486328125e-06,0.9215340614318848,0.026015400886535645,0.0,0.8571428571428571,0.14285714285714285,0.6428571428571429,0.9285714285714286,0.0,0.0,0.0,0.0,141.75,55.25,3.0,2.0,1.0,183.5,0.0,0.0,0.0,0.0,1760652229.291311,1760652231.291311,0,normal_20251016_170234.pcap
38,3,404,0.9216868877410889,134.66666666666666,71.5914333795136,52.0,176.0,176.0,114.0,176.0,0.6144659519195557,0.30714052293047117,0.3074300289154053,0.9217109680175781,0.6142568588256836,0.0,0.6666666666666666,0.0,0.6666666666666666,0.6666666666666666,0.0,0.0,0.0,0.0,162.0,64.0,1.0,0.0,0.0,0.0,0.0,0.0,0.0,0.0,1760652231.291311,1760652233.291311,0,normal_20251016_170234.pcap
39,117,81082,1.5927419662475586,693.008547008547,926.8836877494252,42.0,2922.0,149.0,66.0,1494.0,0.018537913930827175,0.0730555784259749,9.5367431640625e-07,0.5576560497283936,0.0004705190658569336,0.0,0.9743589743589743,0.7264957264957265,0.23076923076923078,0.9914529914529915,0.0,0.0,0.0,0.0,696.0526315789474,67.96491228070175,4.0,3.0,4.0,1364.870588235294,0.0,0.0,0.0,0.0,1760652233.291311,1760652235.291311,0,normal_20251016_170234.pcap
40,5,706,1.0004541873931885,141.2,78.98544169655571,52.0,209.0,176.0,60.0,209.0,0.35142822265625,0.31938683635114873,0.00047516822814941406,0.7566869258880615,0.22150301933288574,0.0,0.6,0.0,0.6,0.8,0.0,0.0,0.0,0.0,184.0,22.0,1.0,0.0,0.0,0.0,0.0,0.0,0.0,0.0,1760652235.291311,1760652237.291311,0,normal_20251016_170234.pcap
41,36,15094,1.843367099761963,419.27777777777777,493.415652720104,52.0,1292.0,138.5,81.0,967.0,0.06777357332634204,0.14812163207512247,9.5367431640625e-07,0.6146440505981445,0.0002448558807373047,0.0,0.9444444444444444,0.0,0.9444444444444444,0.9722222222222222,0.0,0.0,0.0,0.0,426.6470588235294,56.85294117647059,1.0,0.0,0.0,0.0,0.0,0.0,0.0,0.0,1760652237.291311,1760652239.291311,0,normal_20251016_170234.pcap
42,3,270,0.9215290546417236,90.0,74.64583042608609,42.0,176.0,52.0,47.0,114.0,0.5118610064188639,0.1774590778835073,0.3069491386413574,0.6145799160003662,0.6140539646148682,0.0,0.3333333333333333,0.0,0.3333333333333333,0.6666666666666666,0.0,0.0,0.0,0.0,162.0,64.0,1.0,0.0,0.0,0.0,0.0,0.0,0.0,0.0,1760652239.291311,1760652241.291311,0,normal_20251016_170234.pcap
43,4,1037,1.2287800312042236,259.25,255.9314686916532,52.0,633.0,176.0,145.0,290.25,0.46086424589157104,0.17711422145995914,0.30700206756591797,0.6146769523620605,0.46088898181915283,0.0,0.5,0.0,0.5,0.75,0.0,0.0,0.0,0.0,162.0,64.0,1.0,0.0,0.0,0.0,0.0,0.0,0.0,0.0,1760652241.291311,1760652243.291311,0,normal_20251016_170234.pcap
44,11,2386,1.6156761646270752,216.9090909090909,358.3493978076297,52.0,1285.0,82.0,71.5,176.0,0.23066564039750534,0.35737211853913786,3.981590270996094e-05,0.9216458797454834,0.034060001373291016,0.0,0.9090909090909091,0.0,0.9090909090909091,0.9090909090909091,0.0,0.0,0.0,0.0,219.4,60.8,1.0,0.0,0.0,0.0,0.0,0.0,0.0,0.0,1760652243.291311,1760652245.291311,0,normal_20251016_170234.pcap
45,9,1024,1.537053108215332,113.77777777777777,48.70774522028755,52.0,176.0,136.0,66.0,138.0,0.23019944296942818,0.32198709058833563,9.5367431640625e-07,0.9217040538787842,0.03982996940612793,0.0,0.8888888888888888,0.6666666666666666,0.2222222222222222,0.8888888888888888,0.0,0.0,0.0,0.0,107.5,60.25,2.0,2.0,2.0,187.0,0.0,0.0,0.0,0.0,1760652245.291311,1760652247.291311,0,normal_20251016_170234.pcap
46,14,1529,1.7735650539398193,109.21428571428571,65.98971781378411,52.0,233.0,66.0,66.0,158.25,0.14788799626486643,0.22447307681672704,9.5367431640625e-07,0.61456298828125,0.018525004386901855,0.0,0.6428571428571429,0.5,0.35714285714285715,0.9285714285714286,0.0,0.0,0.0,0.0,80.77777777777777,68.0,2.0,3.0,3.0,276.14285714285717,0.0,0.0,0.0,0.0,1760652247.291311,1760652249.291311,0,normal_20251016_170234.pcap
47,7,638,1.5368340015411377,91.14285714285714,58.57026711972714,42.0,176.0,66.0,56.0,121.0,0.27473398617335726,0.2439357627864247,8.106231689453125e-06,0.6145107746124268,0.3070681095123291,0.0,0.5714285714285714,0.2857142857142857,0.2857142857142857,0.8571428571428571,0.0,0.0,0.0,0.0,107.0,78.0,2.0,2.0,1.0,575.0,0.0,0.0,0.0,0.0,1760652249.291311,1760652251.291311,0,normal_20251016_170234.pcap
48,5,1079,0.9216837882995605,215.8,242.00247932614246,42.0,633.0,176.0,52.0,176.0,0.3070230007171631,0.30694071295151604,0.00016999244689941406,0.6148309707641602,0.3063509464263916,0.0,0.4,0.0,0.4,0.8,0.0,0.0,0.0,0.0,162.0,64.0,1.0,0.0,0.0,0.0,0.0,0.0,0.0,0.0,1760652251.291311,1760652253.291311,0,normal_20251016_170234.pcap
49,90,27225,1.5405011177062988,302.5,439.34474319238933,42.0,1292.0,82.0,65.0,222.25,0.02931179886772519,0.11904886577521366,9.5367431640625e-07,0.9216899871826172,0.00017750263214111328,0.0,0.7111111111111111,0.0,0.7555555555555555,0.9888888888888889,0.0,0.0,0.0,0.0,382.96875,74.578125,2.0,0.0,0.0,0.0,0.0,0.0,0.0,0.0,1760652253.291311,1760652255.291311,0,normal_20251016_170234.pcap
50,24,4202,1.8718039989471436,175.08333333333334,134.334403203565,42.0,436.0,148.0,66.0,234.0,0.08940695722897847,0.1750005093165986,1.9073486328125e-06,0.6776430606842041,0.0009429454803466797,0.0,0.625,0.25,0.5833333333333334,0.9583333333333334,0.0,0.0,0.0,0.0,144.26666666666668,143.06666666666666,3.0,4.0,1.0,431.6666666666667,0.0,0.0,0.0,0.0,1760652255.291311,1760652257.291311,0,normal_20251016_170234.pcap
51,9,1686,1.3845438957214355,187.33333333333334,142.3718722220088,52.0,436.0,147.0,90.0,176.0,0.22212566269768608,0.27794793963175385,9.5367431640625e-07,0.6145870685577393,0.001132965087890625,0.0,0.5555555555555556,0.1111111111111111,0.6666666666666666,0.8888888888888888,0.0,0.0,0.0,0.0,178.2,140.4,2.0,2.0,1.0,79.0,0.0,0.0,0.0,0.0,1760652257.291311,1760652259.291311,0,normal_20251016_170234.pcap
52,7,1696,1.8127639293670654,242.28571428571428,238.63271240249404,52.0,593.0,176.0,63.0,374.5,0.2774040017809187,0.31465018045819265,0.0003390312194824219,0.9211549758911133,0.2540469169616699,0.0,0.5714285714285714,0.14285714285714285,0.5714285714285714,0.8571428571428571,0.0,0.0,0.0,0.0,233.75,125.0,2.0,2.0,1.0,1043.0,0.0,0.0,0.0,0.0,1760652259.291311,1760652261.291311,0,normal_20251016_170234.pcap
53,4,464,0.9217848777770996,116.0,69.35896961941309,52.0,176.0,118.0,58.0,176.0,0.39726150035858154,0.30856823141715256,0.00037288665771484375,0.6672611236572266,0.4607059955596924,0.0,0.5,0.0,0.5,0.75,0.0,0.0,0.0,0.0,162.0,64.0,1.0,0.0,0.0,0.0,0.0,0.0,0.0,0.0,1760652261.291311,1760652263.291311,0,normal_20251016_170234.pcap
54,16,3895,1.5352511405944824,243.4375,169.00018491114145,42.0,633.0,302.0,51.5,343.0,0.13438113033771515,0.1954057288354148,9.5367431640625e-07,0.61484694480896,0.0010614395141601562,0.0,0.6875,0.0,0.625,0.9375,0.0,0.0,0.0,0.0,266.3636363636364,12.454545454545455,2.0,0.0,0.0,0.0,0.0,0.0,0.0,0.0,1760652263.291311,1760652265.291311,0,normal_20251016_170234.pcap
55,17,5796,1.751539945602417,340.94117647058823,470.1794166310658,52.0,1292.0,83.0,68.0,208.0,0.13441061973571777,0.2032444490269239,9.5367431640625e-07,0.6136538982391357,0.0012830495834350586,0.0,0.9411764705882353,0.11764705882352941,0.8235294117647058,0.9411764705882353,0.0,0.0,0.0,0.0,345.0,60.0,2.0,2.0,1.0,179.5,0.0,0.0,0.0,0.0,1760652265.291311,1760652267.291311,0,normal_20251016_170234.pcap
56,5,678,1.535048007965088,135.6,51.13022589427901,52.0,176.0,147.0,127.0,176.0,0.36861481666564944,0.25666314672655627,9.5367431640625e-07,0.6141448020935059,0.3080260753631592,0.0,0.6,0.0,0.8,0.8,0.0,0.0,0.0,0.0,145.66666666666666,127.66666666666667,1.0,0.0,0.0,0.0,0.0,0.0,0.0,0.0,1760652267.291311,1760652269.291311,0,normal_20251016_170234.pcap
57,3,404,0.9215970039367676,134.66666666666666,71.5914333795136,52.0,176.0,176.0,114.0,176.0,0.7168533007303873,0.4693917187092708,0.30705714225769043,1.2289628982543945,0.6145398616790771,0.0,0.6666666666666666,0.0,0.6666666666666666,0.6666666666666666,0.0,0.0,0.0,0.0,162.0,64.0,1.0,0.0,0.0,0.0,0.0,0.0,0.0,0.0,1760652269.291311,1760652271.291311,0,normal_20251016_170234.pcap
58,4,464,1.2287919521331787,116.0,69.35896961941309,52.0,176.0,118.0,58.0,176.0,0.5375674962997437,0.2939749252647373,0.30730104446411133,0.9214780330657959,0.4607454538345337,0.0,0.5,0.0,0.5,0.75,0.0,0.0,0.0,0.0,162.0,64.0,1.0,0.0,0.0,0.0,0.0,0.0,0.0,0.0,1760652271.291311,1760652273.291311,0,normal_20251016_170234.pcap
0,210,9378,1.9120919704437256,44.65714285714286,13.276470225708904,42.0,176.0,43.0,43.0,43.0,0.009608502364038821,0.03017841277832758,9.5367431640625e-07,0.16019511222839355,0.0021381378173828125,0.0,0.9761904761904762,0.004761904761904762,0.009523809523809525,0.9952380952380953,0.0,0.0,0.0,0.0,30.585365853658537,88.57073170731708,3.0,2.0,1.0,8192.0,0.0,0.0,0.0,0.0,1760654477.199457,1760654479.199457,1,mitm_traffic_anomaly_20251016_174117.pcap
1,467,535036,0.9503898620605469,1145.6873661670236,393.3670771876434,52.0,1292.0,1292.0,1292.0,1292.0,0.003723869634711224,0.04577375482654214,9.5367431640625e-07,0.7625901699066162,2.384185791015625e-05,0.0,0.9978586723768736,0.0,0.9978586723768736,0.9978586723768736,0.0,0.0,0.0,0.0,1134.0343347639484,113.39055793991416,1.0,0.0,0.0,0.0,0.0,0.0,0.0,0.0,1760654479.199457,1760654481.199457,1,mitm_traffic_anomaly_20251016_174117.pcap
2,11,4009,1.570796012878418,364.45454545454544,467.9650336587902,52.0,1292.0,176.0,76.0,308.5,0.2150334119796753,0.32012277997468297,9.5367431640625e-07,0.9213478565216064,0.006738901138305664,0.0,0.9090909090909091,0.0,0.9090909090909091,0.9090909090909091,0.0,0.0,0.0,0.0,381.7,86.4,1.0,0.0,0.0,0.0,0.0,0.0,0.0,0.0,1760654481.199457,1760654483.199457,1,mitm_traffic_anomaly_20251016_174117.pcap
3,123,5564,1.2296628952026367,45.235772357723576,16.899937579093677,43.0,176.0,43.0,43.0,43.0,0.020686777738424447,0.09762306757349952,9.5367431640625e-07,0.9217619895935059,0.0012015104293823242,0.0,0.991869918699187,0.0,0.016260162601626018,0.991869918699187,0.0,0.0,0.0,0.0,31.18032786885246,89.08196721311475,2.0,0.0,0.0,0.0,0.0,0.0,0.0,0.0,1760654483.199457,1760654485.199457,1,mitm_traffic_anomaly_20251016_174117.pcap
4,86,4032,1.7402968406677246,46.883720930232556,20.53027526513905,43.0,176.0,43.0,43.0,43.0,0.024563239415486653,0.08453098152648686,9.5367431640625e-07,0.614142894744873,0.002019166946411133,0.0,0.9883720930232558,0.011627906976744186,0.023255813953488372,0.9883720930232558,0.0,0.0,0.0,0.0,32.8235294117647,87.25882352941177,3.0,2.0,1.0,8192.0,0.0,0.0,0.0,0.0,1760654485.199457,1760654487.199457,1,mitm_traffic_anomaly_20251016_174117.pcap
5,489,531593,1.8888959884643555,1087.1022494887525,446.41911519206116,50.0,1292.0,1292.0,1292.0,1292.0,0.004666750963753061,0.046301419219007524,9.5367431640625e-07,0.8315989971160889,4.0531158447265625e-06,0.0,0.9938650306748467,0.012269938650306749,0.9775051124744376,0.9979550102249489,0.0,0.0,0.0,0.0,1078.2798353909466,109.65432098765432,3.0,2.0,2.0,254.0,0.0,0.0,0.0,0.0,1760654487.199457,1760654489.199457,1,mitm_traffic_anomaly_20251016_174117.pcap
6,78,26005,1.6967780590057373,333.3974358974359,468.00009267796787,42.0,1292.0,76.5,43.0,309.25,0.0263564994460658,0.08107228008352996,9.5367431640625e-07,0.5349910259246826,0.0011410713195800781,0.0,0.9615384615384616,0.0,0.7051282051282052,0.9871794871794872,0.0,0.0,0.0,0.0,330.68,67.92,2.0,0.0,0.0,0.0,0.0,0.0,0.0,0.0,1760654489.199457,1760654491.199457,1,mitm_traffic_anomaly_20251016_174117.pcap
7,187,8394,1.8453381061553955,44.88770053475936,14.06945935775485,43.0,176.0,43.0,43.0,43.0,0.01130459118973125,0.03294670571371688,9.5367431640625e-07,0.16187596321105957,0.0020949840545654297,0.0,0.9946524064171123,0.0053475935828877,0.0106951871657754,0.9946524064171123,0.0,0.0,0.0,0.0,30.849462365591396,88.0,4.0,2.0,1.0,8192.0,0.0,0.0,0.0,0.0,1760654491.199457,1760654493.199457,1,mitm_traffic_anomaly_20251016_174117.pcap
8,319,347357,1.75325608253479,1088.8934169278996,448.0742595412575,52.0,1292.0,1292.0,1292.0,1292.0,0.005796329780194744,0.042640636357596545,9.5367431640625e-07,0.4666478633880615,2.4080276489257812e-05,0.0,0.9968652037617555,0.0,0.9937304075235109,0.9968652037617555,0.0,0.0,0.0,0.0,1078.1540880503144,110.72012578616352,2.0,0.0,0.0,0.0,0.0,0.0,0.0,0.0,1760654493.199457,1760654495.199457,1,mitm_traffic_anomaly_20251016_174117.pcap
9,3,404,0.9216248989105225,134.66666666666666,71.5914333795136,52.0,176.0,176.0,114.0,176.0,0.7168649832407633,0.4692696340607684,0.3074328899383545,1.2289700508117676,0.614192008972168,0.0,0.6666666666666666,0.0,0.6666666666666666,0.6666666666666666,0.0,0.0,0.0,0.0,162.0,64.0,1.0,0.0,0.0,0.0,0.0,0.0,0.0,0.0,1760654495.199457,1760654497.199457,1,mitm_traffic_anomaly_20251016_174117.pcap
10,144,6924,1.2304120063781738,48.083333333333336,50.32405478009972,43.0,633.0,43.0,43.0,43.0,0.015057719868721722,0.07766930286481483,9.5367431640625e-07,0.8626110553741455,0.002196073532104492,0.0,0.9861111111111112,0.0,0.006944444444444444,0.9930555555555556,0.0,0.0,0.0,0.0,29.93661971830986,89.14084507042253,2.0,0.0,0.0,0.0,0.0,0.0,0.0,0.0,1760654497.199457,1760654499.199457,1,mitm_traffic_anomaly_20251016_174117.pcap
11,326,291001,1.7569119930267334,892.6411042944785,573.7102377955199,43.0,1292.0,1292.0,77.0,1292.0,0.005677616211675829,0.04091307570645053,9.5367431640625e-07,0.5900998115539551,2.8133392333984375e-05,0.0,0.9938650306748467,0.003067484662576687,0.8006134969325154,0.9969325153374233,0.0,0.0,0.0,0.0,883.8055555555555,106.87654320987654,4.0,2.0,1.0,8192.0,0.0,0.0,0.0,0.0,1760654499.199457,1760654501.199457,1,mitm_traffic_anomaly_20251016_174117.pcap
12,6,681,1.22990083694458,113.5,74.46274236153272,52.0,233.0,80.0,60.5,156.5,0.33547377586364746,0.22613719063735757,0.0009517669677734375,0.6155588626861572,0.3071110248565674,0.0,0.3333333333333333,0.0,0.5,0.8333333333333334,0.0,0.0,0.0,0.0,105.0,32.5,2.0,0.0,0.0,0.0,0.0,0.0,0.0,0.0,1760654501.199457,1760654503.199457,1,mitm_traffic_anomaly_20251016_174117.pcap
13,47,2528,1.8018598556518555,53.787234042553195,32.41975791169217,43.0,176.0,43.0,43.0,43.0,0.05139170301721451,0.14513830923314044,1.1920928955078125e-06,0.6141290664672852,0.0023539066314697266,0.0,0.9787234042553191,0.0851063829787234,0.0425531914893617,0.9787234042553191,0.0,0.0,0.0,0.0,39.82608695652174,85.73913043478261,3.0,2.0,2.0,254.0,0.0,0.0,0.0,0.0,1760654503.199457,1760654505.199457,1,mitm_traffic_anomaly_20251016_174117.pcap
14,465,337780,1.9288709163665771,726.4086021505376,615.6119333736548,42.0,1292.0,1292.0,43.0,1292.0,0.00457166367834741,0.023152420093699652,9.5367431640625e-07,0.27361297607421875,3.600120544433594e-05,0.0,0.9935483870967742,0.002150537634408602,0.6430107526881721,0.9978494623655914,0.0,0.0,0.0,0.0,716.8311688311688,103.84632034632034,3.0,2.0,1.0,8192.0,0.0,0.0,0.0,0.0,1760654505.199457,1760654507.199457,1,mitm_traffic_anomaly_20251016_174117.pcap
15,2,228,0.4014928340911865,114.0,87.68124086713189,52.0,176.0,114.0,83.0,145.0,0.8236935138702393,0.5970819273866765,0.4014928340911865,1.245894193649292,0.8236935138702393,0.0,0.5,0.0,0.5,0.5,0.0,0.0,0.0,0.0,162.0,64.0,1.0,0.0,0.0,0.0,0.0,0.0,0.0,0.0,1760654507.199457,1760654509.199457,1,mitm_traffic_anomaly_20251016_174117.pcap
16,309,352896,1.228760004043579,1142.0582524271845,395.6457361626556,52.0,1292.0,1292.0,1292.0,1292.0,0.006227787282015826,0.052659178081954645,9.5367431640625e-07,0.6146650314331055,1.3947486877441406e-05,0.0,0.9935275080906149,0.0,0.9935275080906149,0.9967637540453075,0.0,0.0,0.0,0.0,1133.2671009771987,113.25081433224756,1.0,0.0,0.0,0.0,0.0,0.0,0.0,0.0,1760654509.199457,1760654511.199457,1,mitm_traffic_anomaly_20251016_174117.pcap
17,224,27555,1.94319486618042,123.01339285714286,278.3309718027619,43.0,1292.0,43.0,43.0,43.0,0.011904471325424482,0.050140393243478555,9.5367431640625e-07,0.5805530548095703,0.0021514892578125,0.0,0.9910714285714286,0.0,0.1875,0.9955357142857143,0.0,0.0,0.0,0.0,109.61711711711712,85.18018018018019,2.0,0.0,0.0,0.0,0.0,0.0,0.0,0.0,1760654511.199457,1760654513.199457,1,mitm_traffic_anomaly_20251016_174117.pcap
18,31,1799,1.9041469097137451,58.03225806451613,36.411979595519334,42.0,176.0,43.0,43.0,52.5,0.06692020098368327,0.1960266872616908,7.486343383789062e-05,1.0345120429992676,0.0022090673446655273,0.0,0.8709677419354839,0.0967741935483871,0.06451612903225806,0.967741935483871,0.0,0.0,0.0,0.0,45.370370370370374,80.18518518518519,3.0,4.0,3.0,2900.0,0.0,0.0,0.0,0.0,1760654513.199457,1760654515.199457,1,mitm_traffic_anomaly_20251016_174117.pcap
19,267,294525,1.2901601791381836,1103.0898876404494,433.6022563385329,52.0,1292.0,1292.0,1292.0,1292.0,0.006299832835793495,0.06248590526479411,9.5367431640625e-07,0.9211080074310303,4.0531158447265625e-06,0.0,0.9962546816479401,0.0,0.9962546816479401,0.9962546816479401,0.0,0.0,0.0,0.0,1093.0413533834587,112.42105263157895,1.0,0.0,0.0,0.0,0.0,0.0,0.0,0.0,1760654515.199457,1760654517.199457,1,mitm_traffic_anomaly_20251016_174117.pcap
20,94,6990,1.8153140544891357,74.36170212765957,87.45159657380862,43.0,358.0,43.0,43.0,43.0,0.026709944337278933,0.11066417625812437,9.5367431640625e-07,0.7969241142272949,0.0022110939025878906,0.0,0.9893617021276596,0.02127659574468085,0.11702127659574468,0.9893617021276596,0.0,0.0,0.0,0.0,60.60215053763441,79.86021505376344,4.0,2.0,1.0,562.0,0.0,0.0,0.0,0.0,1760654517.199457,1760654519.199457,1,mitm_traffic_anomaly_20251016_174117.pcap
21,515,409949,1.5901870727539062,796.0174757281553,602.0549389378428,43.0,2077.0,1292.0,66.0,1292.0,0.0031282358413126706,0.017249643250711898,9.5367431640625e-07,0.26129984855651855,2.8133392333984375e-05,0.0,0.996116504854369,0.05436893203883495,0.7029126213592233,0.9980582524271845,0.0,0.0,0.0,0.0,783.785575048733,102.72124756335283,3.0,6.0,5.0,5082.678571428572,0.0,0.0,0.0,0.0,1760654519.199457,1760654521.199457,1,mitm_traffic_anomaly_20251016_174117.pcap
22,19,5193,1.416017770767212,273.3157894736842,629.4081922843234,52.0,2826.0,66.0,66.0,176.0,0.11435114709954512,0.21472675024141083,9.5367431640625e-07,0.7566540241241455,0.0248410701751709,0.0,0.9473684210526315,0.8421052631578947,0.10526315789473684,0.9473684210526315,0.0,0.0,0.0,0.0,271.6111111111111,70.22222222222223,2.0,4.0,2.0,241.6875,0.0,0.0,0.0,0.0,1760654521.199457,1760654523.199457,1,mitm_traffic_anomaly_20251016_174117.pcap
23,4,464,1.2290370464324951,116.0,69.35896961941309,52.0,176.0,118.0,58.0,176.0,0.44799327850341797,0.3905625190069002,0.00021696090698242188,0.921422004699707,0.4351670742034912,0.0,0.5,0.0,0.5,0.75,0.0,0.0,0.0,0.0,162.0,64.0,1.0,0.0,0.0,0.0,0.0,0.0,0.0,0.0,1760654523.199457,1760654525.199457,1,mitm_traffic_anomaly_20251016_174117.pcap
24,557,396619,1.6296539306640625,712.0628366247756,618.9026910657943,43.0,2185.0,1292.0,43.0,1292.0,0.004523639997436297,0.037753798046061104,9.5367431640625e-07,0.8085880279541016,3.600120544433594e-05,0.0,0.9964093357271095,0.00718132854578097,0.63016157989228,0.9982046678635548,0.0,0.0,0.0,0.0,700.4270270270271,102.31711711711712,3.0,2.0,2.0,259.25,0.0,0.0,0.0,0.0,1760654525.199457,1760654527.199457,1,mitm_traffic_anomaly_20251016_174117.pcap
25,164,175103,1.804764986038208,1067.7012195121952,465.764878938388,52.0,1446.0,1292.0,1292.0,1292.0,0.01149642025982892,0.0628607161020758,9.5367431640625e-07,0.607598066329956,2.4080276489257812e-05,0.0,0.9939024390243902,0.04878048780487805,0.9329268292682927,0.9939024390243902,0.0,0.0,0.0,0.0,1059.9325153374234,62.263803680981596,3.0,4.0,3.0,1236.75,0.0,0.0,0.0,0.0,1760654527.199457,1760654529.199457,1,mitm_traffic_anomaly_20251016_174117.pcap
26,181,195209,1.2095651626586914,1078.5027624309391,455.68771743998127,52.0,1292.0,1292.0,1292.0,1292.0,0.012319971371248278,0.08145610135742033,9.5367431640625e-07,0.9217898845672607,1.9073486328125e-06,0.0,0.994475138121547,0.03314917127071823,0.9613259668508287,0.994475138121547,0.0,0.0,0.0,0.0,1070.2055555555555,109.83888888888889,2.0,2.0,2.0,272.5,0.0,0.0,0.0,0.0,1760654529.199457,1760654531.199457,1,mitm_traffic_anomaly_20251016_174117.pcap
27,115,9433,1.8785641193389893,82.02608695652174,176.57136427496448,43.0,1292.0,43.0,43.0,43.0,0.017191604564064426,0.06434017398001284,1.1920928955078125e-06,0.5528440475463867,0.0022505521774291992,0.0,0.9826086956521739,0.0,0.11304347826086956,0.991304347826087,0.0,0.0,0.0,0.0,63.415929203539825,87.43362831858407,2.0,0.0,0.0,0.0,0.0,0.0,0.0,0.0,1760654531.199457,1760654533.199457,1,mitm_traffic_anomaly_20251016_174117.pcap
28,572,437066,1.4682328701019287,764.1013986013986,599.9533521254713,43.0,2826.0,1274.0,76.0,1274.0,0.0028942188207250444,0.01775125572288809,9.5367431640625e-07,0.32306790351867676,3.695487976074219e-05,0.0,0.9982517482517482,0.024475524475524476,0.7954545454545454,0.9982517482517482,0.0,0.0,0.0,0.0,751.3485113835377,63.20840630472855,3.0,6.0,4.0,813.4285714285714,0.0,0.0,0.0,0.0,1760654533.199457,1760654535.199457,1,mitm_traffic_anomaly_20251016_174117.pcap
29,303,333783,1.8432161808013916,1101.5940594059407,436.29853026828084,52.0,1292.0,1292.0,1292.0,1292.0,0.007649434323342431,0.06445408833032615,9.5367431640625e-07,0.9120240211486816,2.4080276489257812e-05,0.0,0.9933993399339934,0.0,0.9933993399339934,0.9966996699669967,0.0,0.0,0.0,0.0,1094.5415282392028,112.0,1.0,0.0,0.0,0.0,0.0,0.0,0.0,0.0,1760654535.199457,1760654537.199457,1,mitm_traffic_anomaly_20251016_174117.pcap
30,14,1432,1.8433890342712402,102.28571428571429,54.66742606459053,42.0,176.0,66.0,61.5,156.0,0.15360048839024135,0.2624875091824689,9.5367431640625e-07,0.9214329719543457,0.014250993728637695,0.0,0.7142857142857143,0.5714285714285714,0.14285714285714285,0.9285714285714286,0.0,0.0,0.0,0.0,109.6,60.0,2.0,2.0,2.0,272.5,0.0,0.0,0.0,0.0,1760654537.199457,1760654539.199457,1,mitm_traffic_anomaly_20251016_174117.pcap
31,472,300622,1.896955966949463,636.9110169491526,619.9742893489555,42.0,1292.0,77.0,43.0,1292.0,0.005046453500658737,0.02122187974398343,9.5367431640625e-07,0.16329503059387207,0.00010895729064941406,0.0,0.9957627118644068,0.00211864406779661,0.5444915254237288,1.0,0.0,0.0,0.0,0.0,625.4425531914893,102.72978723404255,3.0,2.0,1.0,8192.0,0.0,0.0,0.0,0.0,1760654539.199457,1760654541.199457,1,mitm_traffic_anomaly_20251016_174117.pcap
32,15,6165,1.8432159423828125,411.0,478.4085223798948,52.0,1292.0,176.0,80.0,517.0,0.1461230686732701,0.2029911789282975,9.5367431640625e-07,0.6984100341796875,0.037554025650024414,0.0,0.8666666666666667,0.0,0.8666666666666667,0.9333333333333333,0.0,0.0,0.0,0.0,407.53846153846155,85.53846153846153,1.0,0.0,0.0,0.0,0.0,0.0,0.0,0.0,1760654541.199457,1760654543.199457,1,mitm_traffic_anomaly_20251016_174117.pcap
33,39,13029,0.9724080562591553,334.0769230769231,417.01220382340347,66.0,1292.0,153.0,76.0,378.0,0.033211759618810704,0.08830785907748637,9.5367431640625e-07,0.4676859378814697,0.0001800060272216797,0.0,0.9743589743589743,0.41025641025641024,0.5641025641025641,1.0,0.0,0.0,0.0,0.0,327.0263157894737,58.73684210526316,2.0,2.0,2.0,272.5,0.0,0.0,0.0,0.0,1760654543.199457,1760654545.199457,1,mitm_traffic_anomaly_20251016_174117.pcap
34,166,20314,1.0432538986206055,122.37349397590361,321.4388753183097,43.0,2866.0,43.0,43.0,66.0,0.018422285715738933,0.1416180508970411,9.5367431640625e-07,1.7200889587402344,0.0014464855194091797,0.0,0.9939759036144579,0.24096385542168675,0.030120481927710843,0.9939759036144579,0.0,0.0,0.0,0.0,108.8,89.33333333333333,3.0,2.0,4.0,3775.65,0.0,0.0,0.0,0.0,1760654545.199457,1760654547.199457,1,mitm_traffic_anomaly_20251016_174117.pcap
35,462,397763,1.801642894744873,860.9588744588744,581.0829373538357,43.0,1494.0,1292.0,77.0,1292.0,0.004304208777620179,0.026192630432968062,9.5367431640625e-07,0.3934791088104248,2.8848648071289062e-05,0.0,0.9978354978354979,0.04329004329004329,0.7705627705627706,0.9978354978354979,0.0,0.0,0.0,0.0,848.7136659436009,106.17353579175705,4.0,4.0,5.0,6979.7,0.0,0.0,0.0,0.0,1760654547.199457,1760654549.199457,1,mitm_traffic_anomaly_20251016_174117.pcap
36,160,169675,1.3943848609924316,1060.46875,495.21769461019005,60.0,2647.0,1292.0,1292.0,1292.0,0.009932556748390197,0.07033907978353456,9.5367431640625e-07,0.8528721332550049,2.396106719970703e-05,0.0,0.99375,0.03125,0.9625,1.0,0.0,0.0,0.0,0.0,1052.7610062893082,111.20754716981132,2.0,2.0,2.0,115.2,0.0,0.0,0.0,0.0,1760654549.199457,1760654551.199457,1,mitm_traffic_anomaly_20251016_174117.pcap
37,32,4943,1.639430046081543,154.46875,307.3616115949714,43.0,1292.0,43.0,43.0,78.5,0.07804503291845322,0.22660668375736387,1.9073486328125e-06,0.9216179847717285,0.002050042152404785,0.0,0.96875,0.0,0.34375,0.96875,0.0,0.0,0.0,0.0,143.7741935483871,87.6774193548387,2.0,0.0,0.0,0.0,0.0,0.0,0.0,0.0,1760654551.199457,1760654553.199457,1,mitm_traffic_anomaly_20251016_174117.pcap
38,187,8965,1.6313109397888184,47.94117647058823,45.238813917144086,43.0,633.0,43.0,43.0,43.0,0.011317566902406755,0.033401754679517316,9.5367431640625e-07,0.16676807403564453,0.002115011215209961,0.0,0.9893048128342246,0.0053475935828877,0.0106951871657754,0.9946524064171123,0.0,0.0,0.0,0.0,30.756756756756758,88.47027027027028,3.0,2.0,1.0,8192.0,0.0,0.0,0.0,0.0,1760654553.199457,1760654555.199457,1,mitm_traffic_anomaly_20251016_174117.pcap
39,7,871,1.2926089763641357,124.42857142857143,61.546343359718634,52.0,196.0,139.0,66.0,176.0,0.26122300965445383,0.354659680064586,2.4080276489257812e-05,0.9215939044952393,0.02937912940979004,0.0,0.8571428571428571,0.5714285714285714,0.2857142857142857,0.8571428571428571,0.0,0.0,0.0,0.0,122.5,60.666666666666664,2.0,2.0,2.0,272.5,0.0,0.0,0.0,0.0,1760654555.199457,1760654557.199457,1,mitm_traffic_anomaly_20251016_174117.pcap
40,420,475475,1.6000208854675293,1132.0833333333333,407.4811973738237,52.0,1292.0,1292.0,1292.0,1292.0,0.005132288807616314,0.04633125713660848,9.5367431640625e-07,0.5518391132354736,2.4080276489257812e-05,0.0,0.9976190476190476,0.0,0.9976190476190476,0.9976190476190476,0.0,0.0,0.0,0.0,1120.6610978520287,112.9164677804296,1.0,0.0,0.0,0.0,0.0,0.0,0.0,0.0,1760654557.199457,1760654559.199457,1,mitm_traffic_anomaly_20251016_174117.pcap
41,173,11023,1.716552972793579,63.716763005780344,137.5080361581297,43.0,1292.0,43.0,43.0,43.0,0.015858504236960898,0.063780341397043,9.5367431640625e-07,0.6146471500396729,0.0013799667358398438,0.0,0.9884393063583815,0.0,0.06358381502890173,0.9942196531791907,0.0,0.0,0.0,0.0,49.80701754385965,89.16959064327486,2.0,0.0,0.0,0.0,0.0,0.0,0.0,0.0,1760654559.199457,1760654561.199457,1,mitm_traffic_anomaly_20251016_174117.pcap
42,53,2979,1.5361030101776123,56.20754716981132,32.78447011019678,43.0,176.0,43.0,43.0,43.0,0.03779088367115368,0.12402252701715268,9.5367431640625e-07,0.796299934387207,0.0014560222625732422,0.0,0.9622641509433962,0.1320754716981132,0.03773584905660377,0.9811320754716981,0.0,0.0,0.0,0.0,42.21568627450981,82.17647058823529,3.0,4.0,3.0,1403.857142857143,0.0,0.0,0.0,0.0,1760654561.199457,1760654563.199457,1,mitm_traffic_anomaly_20251016_174117.pcap
43,327,366709,1.3991498947143555,1121.434250764526,415.976625760528,52.0,1292.0,1292.0,1292.0,1292.0,0.005674396661611704,0.04986048720252328,9.5367431640625e-07,0.5860869884490967,2.384185791015625e-05,0.0,0.9938837920489296,0.0,0.9938837920489296,0.9969418960244648,0.0,0.0,0.0,0.0,1112.2276923076922,112.76307692307692,1.0,0.0,0.0,0.0,0.0,0.0,0.0,0.0,1760654563.199457,1760654565.199457,1,mitm_traffic_anomaly_20251016_174117.pcap
44,54,2643,1.931279182434082,48.94444444444444,25.553803148375295,43.0,176.0,43.0,43.0,43.0,0.04817125430473915,0.1668087252777925,9.5367431640625e-07,0.9203660488128662,0.0020865201950073242,0.0,0.9814814814814815,0.037037037037037035,0.037037037037037035,0.9814814814814815,0.0,0.0,0.0,0.0,34.886792452830186,84.24528301886792,3.0,2.0,1.0,562.0,0.0,0.0,0.0,0.0,1760654565.199457,1760654567.199457,1,mitm_traffic_anomaly_20251016_174117.pcap
45,338,201675,1.7926859855651855,596.6715976331361,613.7910327556202,42.0,1292.0,77.0,43.0,1292.0,0.006168332706202346,0.027975924297294362,9.5367431640625e-07,0.30721402168273926,0.001622915267944336,0.0,0.9911242603550295,0.008875739644970414,0.5295857988165681,0.9970414201183432,0.0,0.0,0.0,0.0,587.6089552238806,101.60597014925374,3.0,4.0,2.0,2853.0,0.0,0.0,0.0,0.0,1760654567.199457,1760654569.199457,1,mitm_traffic_anomaly_20251016_174117.pcap
46,302,339227,0.9216899871826172,1123.26821192053,416.0001328697171,52.0,1292.0,1292.0,1292.0,1292.0,0.006103487204242226,0.06733059061859266,9.5367431640625e-07,0.9215631484985352,2.4080276489257812e-05,0.0,0.9966887417218543,0.0,0.9966887417218543,0.9966887417218543,0.0,0.0,0.0,0.0,1112.827242524917,112.55813953488372,1.0,0.0,0.0,0.0,0.0,0.0,0.0,0.0,1760654569.199457,1760654571.199457,1,mitm_traffic_anomaly_20251016_174117.pcap
47,17,4277,1.5361781120300293,251.58823529411765,402.00902645704514,42.0,1292.0,68.0,42.0,191.0,0.12649164480321548,0.1946711940201088,9.5367431640625e-07,0.6141798496246338,0.003710031509399414,0.0,0.5882352941176471,0.0,0.5882352941176471,0.9411764705882353,0.0,0.0,0.0,0.0,381.5,86.4,1.0,0.0,0.0,0.0,0.0,0.0,0.0,0.0,1760654571.199457,1760654573.199457,1,mitm_traffic_anomaly_20251016_174117.pcap
48,196,10433,1.7391741275787354,53.22959183673469,75.26788631000765,42.0,778.0,43.0,43.0,43.0,0.012275062250287344,0.0452863643383552,9.5367431640625e-07,0.4457869529724121,0.0021140575408935547,0.0,0.9795918367346939,0.0,0.061224489795918366,0.9948979591836735,0.0,0.0,0.0,0.0,39.317708333333336,87.65625,2.0,0.0,0.0,0.0,0.0,0.0,0.0,0.0,1760654573.199457,1760654575.199457,1,mitm_traffic_anomaly_20251016_174117.pcap
49,27,2085,1.6742541790008545,77.22222222222223,116.61947763603885,43.0,633.0,43.0,43.0,47.5,0.07863921704499618,0.15331915482201502,9.5367431640625e-07,0.6141359806060791,0.0014429092407226562,0.0,0.9259259259259259,0.037037037037037035,0.07407407407407407,0.9629629629629629,0.0,0.0,0.0,0.0,42.0,81.88,3.0,2.0,1.0,8192.0,0.0,0.0,0.0,0.0,1760654575.199457,1760654577.199457,1,mitm_traffic_anomaly_20251016_174117.pcap
50,413,458344,1.8203489780426025,1109.7917675544795,426.5715777017229,50.0,1292.0,1292.0,1292.0,1292.0,0.00554271887258156,0.055915019689755555,9.5367431640625e-07,0.8942501544952393,1.9073486328125e-06,0.0,0.9975786924939467,0.0,0.9951573849878934,0.9975786924939467,0.0,0.0,0.0,0.0,1098.3592233009708,109.9247572815534,2.0,0.0,0.0,0.0,0.0,0.0,0.0,0.0,1760654577.199457,1760654579.199457,1,mitm_traffic_anomaly_20251016_174117.pcap
51,100,10956,1.936885118484497,109.56,246.9542271414487,43.0,1292.0,43.0,43.0,43.0,0.021233198543389637,0.06912590459634449,9.5367431640625e-07,0.5318319797515869,0.00217437744140625,0.0,0.99,0.0,0.2,0.99,0.0,0.0,0.0,0.0,96.14141414141415,86.5959595959596,2.0,0.0,0.0,0.0,0.0,0.0,0.0,0.0,1760654579.199457,1760654581.199457,1,mitm_traffic_anomaly_20251016_174117.pcap
52,137,9436,1.547537088394165,68.87591240875912,154.2037634609531,43.0,1292.0,43.0,43.0,43.0,0.012772371602612872,0.0445813220103313,9.5367431640625e-07,0.40422701835632324,0.0022170543670654297,0.0,0.9927007299270073,0.0072992700729927005,0.08759124087591241,0.9927007299270073,0.0,0.0,0.0,0.0,55.0,86.11764705882354,3.0,2.0,1.0,8192.0,0.0,0.0,0.0,0.0,1760654581.199457,1760654583.199457,1,mitm_traffic_anomaly_20251016_174117.pcap
53,4,464,1.2288181781768799,116.0,69.35896961941309,52.0,176.0,118.0,58.0,176.0,0.4608752727508545,0.2774257727975132,0.15780091285705566,0.7638111114501953,0.4609445333480835,0.0,0.5,0.0,0.5,0.75,0.0,0.0,0.0,0.0,162.0,64.0,1.0,0.0,0.0,0.0,0.0,0.0,0.0,0.0,1760654583.199457,1760654585.199457,1,mitm_traffic_anomaly_20251016_174117.pcap
54,310,327947,1.5329830646514893,1057.8935483870969,474.8012341310333,52.0,1292.0,1292.0,1292.0,1292.0,0.007495191454472027,0.05720717892870739,9.5367431640625e-07,0.6181368827819824,2.4080276489257812e-05,0.0,0.9870967741935484,0.016129032258064516,0.9741935483870968,0.9967741935483871,0.0,0.0,0.0,0.0,1054.8725490196077,111.04248366013071,2.0,2.0,3.0,161.4,0.0,0.0,0.0,0.0,1760654585.199457,1760654587.199457,1,mitm_traffic_anomaly_20251016_174117.pcap
55,219,12332,1.7333600521087646,56.31050228310502,52.05866864355271,43.0,436.0,43.0,43.0,43.0,0.011393587566116482,0.04904785422521438,9.5367431640625e-07,0.6137189865112305,0.0020384788513183594,0.0,0.9634703196347032,0.0,0.0730593607305936,0.9954337899543378,0.0,0.0,0.0,0.0,36.29857819905213,94.2085308056872,2.0,0.0,0.0,0.0,0.0,0.0,0.0,0.0,1760654587.199457,1760654589.199457,1,mitm_traffic_anomaly_20251016_174117.pcap
56,254,249889,1.9027988910675049,983.8149606299213,540.3671943739107,52.0,2922.0,1292.0,404.25,1292.0,0.007921439024709886,0.03945365996568818,9.5367431640625e-07,0.35535693168640137,2.6941299438476562e-05,0.0,0.9881889763779528,0.11023622047244094,0.8858267716535433,0.9960629921259843,0.0,0.0,0.0,0.0,977.2669322709163,115.19521912350598,2.0,6.0,3.0,425.5357142857143,0.0,0.0,0.0,0.0,1760654589.199457,1760654591.199457,1,mitm_traffic_anomaly_20251016_174117.pcap
57,3,404,1.416398048400879,134.66666666666666,71.5914333795136,52.0,176.0,176.0,114.0,176.0,0.5082273483276367,0.7882848530328003,8.392333984375e-05,1.4163141250610352,0.10828399658203125,0.0,0.6666666666666666,0.0,0.6666666666666666,0.6666666666666666,0.0,0.0,0.0,0.0,162.0,64.0,1.0,0.0,0.0,0.0,0.0,0.0,0.0,0.0,1760654591.199457,1760654593.199457,1,mitm_traffic_anomaly_20251016_174117.pcap
58,124,11067,1.8802878856658936,89.25,236.74282382819197,43.0,1864.0,43.0,43.0,43.0,0.02107957769031367,0.07698780942748304,9.5367431640625e-07,0.6703410148620605,0.0017690658569335938,0.0,0.9838709677419355,0.11290322580645161,0.03225806451612903,0.9919354838709677,0.0,0.0,0.0,0.0,71.42622950819673,94.81967213114754,3.0,5.0,2.0,244.42857142857142,0.0,0.0,0.0,0.0,1760654593.199457,1760654595.199457,1,mitm_traffic_anomaly_20251016_174117.pcap
59,367,287598,1.4406969547271729,783.6457765667575,613.9757874912954,43.0,2922.0,1292.0,43.0,1292.0,0.004042551964938808,0.024788020944365795,9.5367431640625e-07,0.397899866104126,3.0040740966796875e-05,0.0,0.9945504087193461,0.02997275204359673,0.7002724795640327,0.997275204359673,0.0,0.0,0.0,0.0,773.6328767123288,106.79178082191781,3.0,4.0,3.0,861.2727272727273,0.0,0.0,0.0,0.0,1760654595.199457,1760654597.199457,1,mitm_traffic_anomaly_20251016_174117.pcap
60,7,1181,1.5364460945129395,168.71428571428572,213.39377863917392,42.0,633.0,60.0,47.0,176.0,0.3072032928466797,0.25055009926729627,0.0001499652862548828,0.6139769554138184,0.30728602409362793,0.0,0.2857142857142857,0.0,0.2857142857142857,0.8571428571428571,0.0,0.0,0.0,0.0,162.0,64.0,1.0,0.0,0.0,0.0,0.0,0.0,0.0,0.0,1760654597.199457,1760654599.199457,1,mitm_traffic_anomaly_20251016_174117.pcap
61,209,242615,0.6219470500946045,1160.8373205741627,374.4808487766472,76.0,1292.0,1292.0,1292.0,1292.0,0.007717310190200805,0.07679986854373747,9.5367431640625e-07,0.9215149879455566,2.1457672119140625e-05,0.0,1.0,0.0,1.0,1.0,0.0,0.0,0.0,0.0,1146.8373205741627,113.56937799043062,1.0,0.0,0.0,0.0,0.0,0.0,0.0,0.0,1760654599.199457,1760654601.199457,1,mitm_traffic_anomaly_20251016_174117.pcap
